Category,Sub-Category,Check Item,Status,Notes
Testing,Display Modes,Video Playback (Loop),Pending,
Testing,Display Modes,Website Embedding,Pending,
Testing,Display Modes,Text Scrolling Animation,Pending,
Testing,Display Modes,Slideshow Cycle,Pending,
Testing,Display Modes,Camera Feed Mirror,Pending,
Testing,Control Panel,UI Glassmorphism,Pending,
Testing,Control Panel,Tab Navigation,Pending,
Testing,Control Panel,Input Visibility Fix (Text Mode),Pending,
Testing,Content Editor,Header Title & BG,Pending,
Testing,Content Editor,Banner Mode Toggle (Text/Image),Pending,
Testing,Content Editor,Sidebar Image Rotation,Pending,
Testing,Content Editor,Notice Scrolling (Large Font),Pending,
Testing,Media Library,File Upload,Pending,
Testing,Media Library,Category Filtering,Pending,
Testing,Media Library,Context-Aware Click Actions,Pending,
Testing,System,Preset Save/Load,Pending,
